sanjay,143050

sanjay,143050

sanjay,143050

kumar,201

kumar,201

kumar,201

lord,1
sravani,165
kumar,202
kumar,201
201 ,201
kumar,201
kumar,201
kumar,201
kumar ,201
kumar,201
kumar,201
kumar,201
kumar,201
kumar,201
kumar,201
kumar,201
kumar,201
kumar,201
kumar,201
kumar,201
kumar,201
kumar ,201
nag,2
kumar,201
kumar,201
kumar,201
nagendra ,201
kumar,201
kumar,201
kumar,201
kumar,201
kumar,201
sri,1980
devi,2004
kumar,201
kumar,201
lord vishnu,222
kumar,201
y mani,206
kumar,201
kumar,201
kumar,201
kumar,201
kumar,201
kumar,201
kumar ,201
kumar,201
kumar,201
y mani,206
devi,2004
kumar,201
kumar,201
kumar,201
kumar,201
y mani,206
y mani,206
